"","rep.c_names...1...each...19.","rep.c_names...2...each...19."
"1",7202,"会津若松市"
"2",7202,"会津若松市"
"3",7202,"会津若松市"
"4",7202,"会津若松市"
"5",7202,"会津若松市"
"6",7202,"会津若松市"
"7",7202,"会津若松市"
"8",7202,"会津若松市"
"9",7202,"会津若松市"
"10",7202,"会津若松市"
"11",7202,"会津若松市"
"12",7202,"会津若松市"
"13",7202,"会津若松市"
"14",7202,"会津若松市"
"15",7202,"会津若松市"
"16",7202,"会津若松市"
"17",7202,"会津若松市"
"18",7202,"会津若松市"
"19",7202,"会津若松市"
"20",7203,"郡山市"
"21",7203,"郡山市"
"22",7203,"郡山市"
"23",7203,"郡山市"
"24",7203,"郡山市"
"25",7203,"郡山市"
"26",7203,"郡山市"
"27",7203,"郡山市"
"28",7203,"郡山市"
"29",7203,"郡山市"
"30",7203,"郡山市"
"31",7203,"郡山市"
"32",7203,"郡山市"
"33",7203,"郡山市"
"34",7203,"郡山市"
"35",7203,"郡山市"
"36",7203,"郡山市"
"37",7203,"郡山市"
"38",7203,"郡山市"
"39",7204,"いわき市"
"40",7204,"いわき市"
"41",7204,"いわき市"
"42",7204,"いわき市"
"43",7204,"いわき市"
"44",7204,"いわき市"
"45",7204,"いわき市"
"46",7204,"いわき市"
"47",7204,"いわき市"
"48",7204,"いわき市"
"49",7204,"いわき市"
"50",7204,"いわき市"
"51",7204,"いわき市"
"52",7204,"いわき市"
"53",7204,"いわき市"
"54",7204,"いわき市"
"55",7204,"いわき市"
"56",7204,"いわき市"
"57",7204,"いわき市"
"58",7205,"白河市"
"59",7205,"白河市"
"60",7205,"白河市"
"61",7205,"白河市"
"62",7205,"白河市"
"63",7205,"白河市"
"64",7205,"白河市"
"65",7205,"白河市"
"66",7205,"白河市"
"67",7205,"白河市"
"68",7205,"白河市"
"69",7205,"白河市"
"70",7205,"白河市"
"71",7205,"白河市"
"72",7205,"白河市"
"73",7205,"白河市"
"74",7205,"白河市"
"75",7205,"白河市"
"76",7205,"白河市"
"77",7206,"原町市"
"78",7206,"原町市"
"79",7206,"原町市"
"80",7206,"原町市"
"81",7206,"原町市"
"82",7206,"原町市"
"83",7206,"原町市"
"84",7206,"原町市"
"85",7206,"原町市"
"86",7206,"原町市"
"87",7206,"原町市"
"88",7206,"原町市"
"89",7206,"原町市"
"90",7206,"原町市"
"91",7206,"原町市"
"92",7206,"原町市"
"93",7206,"原町市"
"94",7206,"原町市"
"95",7206,"原町市"
"96",7207,"須賀川市"
"97",7207,"須賀川市"
"98",7207,"須賀川市"
"99",7207,"須賀川市"
"100",7207,"須賀川市"
"101",7207,"須賀川市"
"102",7207,"須賀川市"
"103",7207,"須賀川市"
"104",7207,"須賀川市"
"105",7207,"須賀川市"
"106",7207,"須賀川市"
"107",7207,"須賀川市"
"108",7207,"須賀川市"
"109",7207,"須賀川市"
"110",7207,"須賀川市"
"111",7207,"須賀川市"
"112",7207,"須賀川市"
"113",7207,"須賀川市"
"114",7207,"須賀川市"
"115",7208,"喜多方市"
"116",7208,"喜多方市"
"117",7208,"喜多方市"
"118",7208,"喜多方市"
"119",7208,"喜多方市"
"120",7208,"喜多方市"
"121",7208,"喜多方市"
"122",7208,"喜多方市"
"123",7208,"喜多方市"
"124",7208,"喜多方市"
"125",7208,"喜多方市"
"126",7208,"喜多方市"
"127",7208,"喜多方市"
"128",7208,"喜多方市"
"129",7208,"喜多方市"
"130",7208,"喜多方市"
"131",7208,"喜多方市"
"132",7208,"喜多方市"
"133",7208,"喜多方市"
"134",7209,"相馬市"
"135",7209,"相馬市"
"136",7209,"相馬市"
"137",7209,"相馬市"
"138",7209,"相馬市"
"139",7209,"相馬市"
"140",7209,"相馬市"
"141",7209,"相馬市"
"142",7209,"相馬市"
"143",7209,"相馬市"
"144",7209,"相馬市"
"145",7209,"相馬市"
"146",7209,"相馬市"
"147",7209,"相馬市"
"148",7209,"相馬市"
"149",7209,"相馬市"
"150",7209,"相馬市"
"151",7209,"相馬市"
"152",7209,"相馬市"
"153",7210,"二本松市"
"154",7210,"二本松市"
"155",7210,"二本松市"
"156",7210,"二本松市"
"157",7210,"二本松市"
"158",7210,"二本松市"
"159",7210,"二本松市"
"160",7210,"二本松市"
"161",7210,"二本松市"
"162",7210,"二本松市"
"163",7210,"二本松市"
"164",7210,"二本松市"
"165",7210,"二本松市"
"166",7210,"二本松市"
"167",7210,"二本松市"
"168",7210,"二本松市"
"169",7210,"二本松市"
"170",7210,"二本松市"
"171",7210,"二本松市"
"172",7211,"田村市"
"173",7211,"田村市"
"174",7211,"田村市"
"175",7211,"田村市"
"176",7211,"田村市"
"177",7211,"田村市"
"178",7211,"田村市"
"179",7211,"田村市"
"180",7211,"田村市"
"181",7211,"田村市"
"182",7211,"田村市"
"183",7211,"田村市"
"184",7211,"田村市"
"185",7211,"田村市"
"186",7211,"田村市"
"187",7211,"田村市"
"188",7211,"田村市"
"189",7211,"田村市"
"190",7211,"田村市"
"191",7212,"南相馬市"
"192",7212,"南相馬市"
"193",7212,"南相馬市"
"194",7212,"南相馬市"
"195",7212,"南相馬市"
"196",7212,"南相馬市"
"197",7212,"南相馬市"
"198",7212,"南相馬市"
"199",7212,"南相馬市"
"200",7212,"南相馬市"
"201",7212,"南相馬市"
"202",7212,"南相馬市"
"203",7212,"南相馬市"
"204",7212,"南相馬市"
"205",7212,"南相馬市"
"206",7212,"南相馬市"
"207",7212,"南相馬市"
"208",7212,"南相馬市"
"209",7212,"南相馬市"
"210",7213,"伊達市"
"211",7213,"伊達市"
"212",7213,"伊達市"
"213",7213,"伊達市"
"214",7213,"伊達市"
"215",7213,"伊達市"
"216",7213,"伊達市"
"217",7213,"伊達市"
"218",7213,"伊達市"
"219",7213,"伊達市"
"220",7213,"伊達市"
"221",7213,"伊達市"
"222",7213,"伊達市"
"223",7213,"伊達市"
"224",7213,"伊達市"
"225",7213,"伊達市"
"226",7213,"伊達市"
"227",7213,"伊達市"
"228",7213,"伊達市"
"229",7214,"本宮市"
"230",7214,"本宮市"
"231",7214,"本宮市"
"232",7214,"本宮市"
"233",7214,"本宮市"
"234",7214,"本宮市"
"235",7214,"本宮市"
"236",7214,"本宮市"
"237",7214,"本宮市"
"238",7214,"本宮市"
"239",7214,"本宮市"
"240",7214,"本宮市"
"241",7214,"本宮市"
"242",7214,"本宮市"
"243",7214,"本宮市"
"244",7214,"本宮市"
"245",7214,"本宮市"
"246",7214,"本宮市"
"247",7214,"本宮市"
"248",7301,"桑折町"
"249",7301,"桑折町"
"250",7301,"桑折町"
"251",7301,"桑折町"
"252",7301,"桑折町"
"253",7301,"桑折町"
"254",7301,"桑折町"
"255",7301,"桑折町"
"256",7301,"桑折町"
"257",7301,"桑折町"
"258",7301,"桑折町"
"259",7301,"桑折町"
"260",7301,"桑折町"
"261",7301,"桑折町"
"262",7301,"桑折町"
"263",7301,"桑折町"
"264",7301,"桑折町"
"265",7301,"桑折町"
"266",7301,"桑折町"
"267",7302,"伊達町"
"268",7302,"伊達町"
"269",7302,"伊達町"
"270",7302,"伊達町"
"271",7302,"伊達町"
"272",7302,"伊達町"
"273",7302,"伊達町"
"274",7302,"伊達町"
"275",7302,"伊達町"
"276",7302,"伊達町"
"277",7302,"伊達町"
"278",7302,"伊達町"
"279",7302,"伊達町"
"280",7302,"伊達町"
"281",7302,"伊達町"
"282",7302,"伊達町"
"283",7302,"伊達町"
"284",7302,"伊達町"
"285",7302,"伊達町"
"286",7303,"国見町"
"287",7303,"国見町"
"288",7303,"国見町"
"289",7303,"国見町"
"290",7303,"国見町"
"291",7303,"国見町"
"292",7303,"国見町"
"293",7303,"国見町"
"294",7303,"国見町"
"295",7303,"国見町"
"296",7303,"国見町"
"297",7303,"国見町"
"298",7303,"国見町"
"299",7303,"国見町"
"300",7303,"国見町"
"301",7303,"国見町"
"302",7303,"国見町"
"303",7303,"国見町"
"304",7303,"国見町"
"305",7304,"梁川町"
"306",7304,"梁川町"
"307",7304,"梁川町"
"308",7304,"梁川町"
"309",7304,"梁川町"
"310",7304,"梁川町"
"311",7304,"梁川町"
"312",7304,"梁川町"
"313",7304,"梁川町"
"314",7304,"梁川町"
"315",7304,"梁川町"
"316",7304,"梁川町"
"317",7304,"梁川町"
"318",7304,"梁川町"
"319",7304,"梁川町"
"320",7304,"梁川町"
"321",7304,"梁川町"
"322",7304,"梁川町"
"323",7304,"梁川町"
"324",7305,"保原町"
"325",7305,"保原町"
"326",7305,"保原町"
"327",7305,"保原町"
"328",7305,"保原町"
"329",7305,"保原町"
"330",7305,"保原町"
"331",7305,"保原町"
"332",7305,"保原町"
"333",7305,"保原町"
"334",7305,"保原町"
"335",7305,"保原町"
"336",7305,"保原町"
"337",7305,"保原町"
"338",7305,"保原町"
"339",7305,"保原町"
"340",7305,"保原町"
"341",7305,"保原町"
"342",7305,"保原町"
"343",7306,"霊山町"
"344",7306,"霊山町"
"345",7306,"霊山町"
"346",7306,"霊山町"
"347",7306,"霊山町"
"348",7306,"霊山町"
"349",7306,"霊山町"
"350",7306,"霊山町"
"351",7306,"霊山町"
"352",7306,"霊山町"
"353",7306,"霊山町"
"354",7306,"霊山町"
"355",7306,"霊山町"
"356",7306,"霊山町"
"357",7306,"霊山町"
"358",7306,"霊山町"
"359",7306,"霊山町"
"360",7306,"霊山町"
"361",7306,"霊山町"
"362",7307,"月舘町"
"363",7307,"月舘町"
"364",7307,"月舘町"
"365",7307,"月舘町"
"366",7307,"月舘町"
"367",7307,"月舘町"
"368",7307,"月舘町"
"369",7307,"月舘町"
"370",7307,"月舘町"
"371",7307,"月舘町"
"372",7307,"月舘町"
"373",7307,"月舘町"
"374",7307,"月舘町"
"375",7307,"月舘町"
"376",7307,"月舘町"
"377",7307,"月舘町"
"378",7307,"月舘町"
"379",7307,"月舘町"
"380",7307,"月舘町"
"381",7308,"川俣町"
"382",7308,"川俣町"
"383",7308,"川俣町"
"384",7308,"川俣町"
"385",7308,"川俣町"
"386",7308,"川俣町"
"387",7308,"川俣町"
"388",7308,"川俣町"
"389",7308,"川俣町"
"390",7308,"川俣町"
"391",7308,"川俣町"
"392",7308,"川俣町"
"393",7308,"川俣町"
"394",7308,"川俣町"
"395",7308,"川俣町"
"396",7308,"川俣町"
"397",7308,"川俣町"
"398",7308,"川俣町"
"399",7308,"川俣町"
"400",7309,"飯野町"
"401",7309,"飯野町"
"402",7309,"飯野町"
"403",7309,"飯野町"
"404",7309,"飯野町"
"405",7309,"飯野町"
"406",7309,"飯野町"
"407",7309,"飯野町"
"408",7309,"飯野町"
"409",7309,"飯野町"
"410",7309,"飯野町"
"411",7309,"飯野町"
"412",7309,"飯野町"
"413",7309,"飯野町"
"414",7309,"飯野町"
"415",7309,"飯野町"
"416",7309,"飯野町"
"417",7309,"飯野町"
"418",7309,"飯野町"
"419",7321,"安達町"
"420",7321,"安達町"
"421",7321,"安達町"
"422",7321,"安達町"
"423",7321,"安達町"
"424",7321,"安達町"
"425",7321,"安達町"
"426",7321,"安達町"
"427",7321,"安達町"
"428",7321,"安達町"
"429",7321,"安達町"
"430",7321,"安達町"
"431",7321,"安達町"
"432",7321,"安達町"
"433",7321,"安達町"
"434",7321,"安達町"
"435",7321,"安達町"
"436",7321,"安達町"
"437",7321,"安達町"
"438",7322,"大玉村"
"439",7322,"大玉村"
"440",7322,"大玉村"
"441",7322,"大玉村"
"442",7322,"大玉村"
"443",7322,"大玉村"
"444",7322,"大玉村"
"445",7322,"大玉村"
"446",7322,"大玉村"
"447",7322,"大玉村"
"448",7322,"大玉村"
"449",7322,"大玉村"
"450",7322,"大玉村"
"451",7322,"大玉村"
"452",7322,"大玉村"
"453",7322,"大玉村"
"454",7322,"大玉村"
"455",7322,"大玉村"
"456",7322,"大玉村"
"457",7323,"本宮町"
"458",7323,"本宮町"
"459",7323,"本宮町"
"460",7323,"本宮町"
"461",7323,"本宮町"
"462",7323,"本宮町"
"463",7323,"本宮町"
"464",7323,"本宮町"
"465",7323,"本宮町"
"466",7323,"本宮町"
"467",7323,"本宮町"
"468",7323,"本宮町"
"469",7323,"本宮町"
"470",7323,"本宮町"
"471",7323,"本宮町"
"472",7323,"本宮町"
"473",7323,"本宮町"
"474",7323,"本宮町"
"475",7323,"本宮町"
"476",7324,"白沢村"
"477",7324,"白沢村"
"478",7324,"白沢村"
"479",7324,"白沢村"
"480",7324,"白沢村"
"481",7324,"白沢村"
"482",7324,"白沢村"
"483",7324,"白沢村"
"484",7324,"白沢村"
"485",7324,"白沢村"
"486",7324,"白沢村"
"487",7324,"白沢村"
"488",7324,"白沢村"
"489",7324,"白沢村"
"490",7324,"白沢村"
"491",7324,"白沢村"
"492",7324,"白沢村"
"493",7324,"白沢村"
"494",7324,"白沢村"
"495",7325,"岩代町"
"496",7325,"岩代町"
"497",7325,"岩代町"
"498",7325,"岩代町"
"499",7325,"岩代町"
"500",7325,"岩代町"
"501",7325,"岩代町"
"502",7325,"岩代町"
"503",7325,"岩代町"
"504",7325,"岩代町"
"505",7325,"岩代町"
"506",7325,"岩代町"
"507",7325,"岩代町"
"508",7325,"岩代町"
"509",7325,"岩代町"
"510",7325,"岩代町"
"511",7325,"岩代町"
"512",7325,"岩代町"
"513",7325,"岩代町"
"514",7326,"東和町"
"515",7326,"東和町"
"516",7326,"東和町"
"517",7326,"東和町"
"518",7326,"東和町"
"519",7326,"東和町"
"520",7326,"東和町"
"521",7326,"東和町"
"522",7326,"東和町"
"523",7326,"東和町"
"524",7326,"東和町"
"525",7326,"東和町"
"526",7326,"東和町"
"527",7326,"東和町"
"528",7326,"東和町"
"529",7326,"東和町"
"530",7326,"東和町"
"531",7326,"東和町"
"532",7326,"東和町"
"533",7341,"長沼町"
"534",7341,"長沼町"
"535",7341,"長沼町"
"536",7341,"長沼町"
"537",7341,"長沼町"
"538",7341,"長沼町"
"539",7341,"長沼町"
"540",7341,"長沼町"
"541",7341,"長沼町"
"542",7341,"長沼町"
"543",7341,"長沼町"
"544",7341,"長沼町"
"545",7341,"長沼町"
"546",7341,"長沼町"
"547",7341,"長沼町"
"548",7341,"長沼町"
"549",7341,"長沼町"
"550",7341,"長沼町"
"551",7341,"長沼町"
"552",7342,"鏡石町"
"553",7342,"鏡石町"
"554",7342,"鏡石町"
"555",7342,"鏡石町"
"556",7342,"鏡石町"
"557",7342,"鏡石町"
"558",7342,"鏡石町"
"559",7342,"鏡石町"
"560",7342,"鏡石町"
"561",7342,"鏡石町"
"562",7342,"鏡石町"
"563",7342,"鏡石町"
"564",7342,"鏡石町"
"565",7342,"鏡石町"
"566",7342,"鏡石町"
"567",7342,"鏡石町"
"568",7342,"鏡石町"
"569",7342,"鏡石町"
"570",7342,"鏡石町"
"571",7343,"岩瀬村"
"572",7343,"岩瀬村"
"573",7343,"岩瀬村"
"574",7343,"岩瀬村"
"575",7343,"岩瀬村"
"576",7343,"岩瀬村"
"577",7343,"岩瀬村"
"578",7343,"岩瀬村"
"579",7343,"岩瀬村"
"580",7343,"岩瀬村"
"581",7343,"岩瀬村"
"582",7343,"岩瀬村"
"583",7343,"岩瀬村"
"584",7343,"岩瀬村"
"585",7343,"岩瀬村"
"586",7343,"岩瀬村"
"587",7343,"岩瀬村"
"588",7343,"岩瀬村"
"589",7343,"岩瀬村"
"590",7344,"天栄村"
"591",7344,"天栄村"
"592",7344,"天栄村"
"593",7344,"天栄村"
"594",7344,"天栄村"
"595",7344,"天栄村"
"596",7344,"天栄村"
"597",7344,"天栄村"
"598",7344,"天栄村"
"599",7344,"天栄村"
"600",7344,"天栄村"
"601",7344,"天栄村"
"602",7344,"天栄村"
"603",7344,"天栄村"
"604",7344,"天栄村"
"605",7344,"天栄村"
"606",7344,"天栄村"
"607",7344,"天栄村"
"608",7344,"天栄村"
"609",7361,"田島町"
"610",7361,"田島町"
"611",7361,"田島町"
"612",7361,"田島町"
"613",7361,"田島町"
"614",7361,"田島町"
"615",7361,"田島町"
"616",7361,"田島町"
"617",7361,"田島町"
"618",7361,"田島町"
"619",7361,"田島町"
"620",7361,"田島町"
"621",7361,"田島町"
"622",7361,"田島町"
"623",7361,"田島町"
"624",7361,"田島町"
"625",7361,"田島町"
"626",7361,"田島町"
"627",7361,"田島町"
"628",7362,"下郷町"
"629",7362,"下郷町"
"630",7362,"下郷町"
"631",7362,"下郷町"
"632",7362,"下郷町"
"633",7362,"下郷町"
"634",7362,"下郷町"
"635",7362,"下郷町"
"636",7362,"下郷町"
"637",7362,"下郷町"
"638",7362,"下郷町"
"639",7362,"下郷町"
"640",7362,"下郷町"
"641",7362,"下郷町"
"642",7362,"下郷町"
"643",7362,"下郷町"
"644",7362,"下郷町"
"645",7362,"下郷町"
"646",7362,"下郷町"
"647",7363,"舘岩村"
"648",7363,"舘岩村"
"649",7363,"舘岩村"
"650",7363,"舘岩村"
"651",7363,"舘岩村"
"652",7363,"舘岩村"
"653",7363,"舘岩村"
"654",7363,"舘岩村"
"655",7363,"舘岩村"
"656",7363,"舘岩村"
"657",7363,"舘岩村"
"658",7363,"舘岩村"
"659",7363,"舘岩村"
"660",7363,"舘岩村"
"661",7363,"舘岩村"
"662",7363,"舘岩村"
"663",7363,"舘岩村"
"664",7363,"舘岩村"
"665",7363,"舘岩村"
"666",7364,"桧枝岐村"
"667",7364,"桧枝岐村"
"668",7364,"桧枝岐村"
"669",7364,"桧枝岐村"
"670",7364,"桧枝岐村"
"671",7364,"桧枝岐村"
"672",7364,"桧枝岐村"
"673",7364,"桧枝岐村"
"674",7364,"桧枝岐村"
"675",7364,"桧枝岐村"
"676",7364,"桧枝岐村"
"677",7364,"桧枝岐村"
"678",7364,"桧枝岐村"
"679",7364,"桧枝岐村"
"680",7364,"桧枝岐村"
"681",7364,"桧枝岐村"
"682",7364,"桧枝岐村"
"683",7364,"桧枝岐村"
"684",7364,"桧枝岐村"
"685",7364,"檜枝岐村"
"686",7364,"檜枝岐村"
"687",7364,"檜枝岐村"
"688",7364,"檜枝岐村"
"689",7364,"檜枝岐村"
"690",7364,"檜枝岐村"
"691",7364,"檜枝岐村"
"692",7364,"檜枝岐村"
"693",7364,"檜枝岐村"
"694",7364,"檜枝岐村"
"695",7364,"檜枝岐村"
"696",7364,"檜枝岐村"
"697",7364,"檜枝岐村"
"698",7364,"檜枝岐村"
"699",7364,"檜枝岐村"
"700",7364,"檜枝岐村"
"701",7364,"檜枝岐村"
"702",7364,"檜枝岐村"
"703",7364,"檜枝岐村"
"704",7365,"伊南村"
"705",7365,"伊南村"
"706",7365,"伊南村"
"707",7365,"伊南村"
"708",7365,"伊南村"
"709",7365,"伊南村"
"710",7365,"伊南村"
"711",7365,"伊南村"
"712",7365,"伊南村"
"713",7365,"伊南村"
"714",7365,"伊南村"
"715",7365,"伊南村"
"716",7365,"伊南村"
"717",7365,"伊南村"
"718",7365,"伊南村"
"719",7365,"伊南村"
"720",7365,"伊南村"
"721",7365,"伊南村"
"722",7365,"伊南村"
"723",7366,"南郷村"
"724",7366,"南郷村"
"725",7366,"南郷村"
"726",7366,"南郷村"
"727",7366,"南郷村"
"728",7366,"南郷村"
"729",7366,"南郷村"
"730",7366,"南郷村"
"731",7366,"南郷村"
"732",7366,"南郷村"
"733",7366,"南郷村"
"734",7366,"南郷村"
"735",7366,"南郷村"
"736",7366,"南郷村"
"737",7366,"南郷村"
"738",7366,"南郷村"
"739",7366,"南郷村"
"740",7366,"南郷村"
"741",7366,"南郷村"
"742",7367,"只見町"
"743",7367,"只見町"
"744",7367,"只見町"
"745",7367,"只見町"
"746",7367,"只見町"
"747",7367,"只見町"
"748",7367,"只見町"
"749",7367,"只見町"
"750",7367,"只見町"
"751",7367,"只見町"
"752",7367,"只見町"
"753",7367,"只見町"
"754",7367,"只見町"
"755",7367,"只見町"
"756",7367,"只見町"
"757",7367,"只見町"
"758",7367,"只見町"
"759",7367,"只見町"
"760",7367,"只見町"
"761",7368,"南会津町"
"762",7368,"南会津町"
"763",7368,"南会津町"
"764",7368,"南会津町"
"765",7368,"南会津町"
"766",7368,"南会津町"
"767",7368,"南会津町"
"768",7368,"南会津町"
"769",7368,"南会津町"
"770",7368,"南会津町"
"771",7368,"南会津町"
"772",7368,"南会津町"
"773",7368,"南会津町"
"774",7368,"南会津町"
"775",7368,"南会津町"
"776",7368,"南会津町"
"777",7368,"南会津町"
"778",7368,"南会津町"
"779",7368,"南会津町"
"780",7381,"北会津村"
"781",7381,"北会津村"
"782",7381,"北会津村"
"783",7381,"北会津村"
"784",7381,"北会津村"
"785",7381,"北会津村"
"786",7381,"北会津村"
"787",7381,"北会津村"
"788",7381,"北会津村"
"789",7381,"北会津村"
"790",7381,"北会津村"
"791",7381,"北会津村"
"792",7381,"北会津村"
"793",7381,"北会津村"
"794",7381,"北会津村"
"795",7381,"北会津村"
"796",7381,"北会津村"
"797",7381,"北会津村"
"798",7381,"北会津村"
"799",7401,"熱塩加納村"
"800",7401,"熱塩加納村"
"801",7401,"熱塩加納村"
"802",7401,"熱塩加納村"
"803",7401,"熱塩加納村"
"804",7401,"熱塩加納村"
"805",7401,"熱塩加納村"
"806",7401,"熱塩加納村"
"807",7401,"熱塩加納村"
"808",7401,"熱塩加納村"
"809",7401,"熱塩加納村"
"810",7401,"熱塩加納村"
"811",7401,"熱塩加納村"
"812",7401,"熱塩加納村"
"813",7401,"熱塩加納村"
"814",7401,"熱塩加納村"
"815",7401,"熱塩加納村"
"816",7401,"熱塩加納村"
"817",7401,"熱塩加納村"
"818",7402,"北塩原村"
"819",7402,"北塩原村"
"820",7402,"北塩原村"
"821",7402,"北塩原村"
"822",7402,"北塩原村"
"823",7402,"北塩原村"
"824",7402,"北塩原村"
"825",7402,"北塩原村"
"826",7402,"北塩原村"
"827",7402,"北塩原村"
"828",7402,"北塩原村"
"829",7402,"北塩原村"
"830",7402,"北塩原村"
"831",7402,"北塩原村"
"832",7402,"北塩原村"
"833",7402,"北塩原村"
"834",7402,"北塩原村"
"835",7402,"北塩原村"
"836",7402,"北塩原村"
"837",7403,"塩川町"
"838",7403,"塩川町"
"839",7403,"塩川町"
"840",7403,"塩川町"
"841",7403,"塩川町"
"842",7403,"塩川町"
"843",7403,"塩川町"
"844",7403,"塩川町"
"845",7403,"塩川町"
"846",7403,"塩川町"
"847",7403,"塩川町"
"848",7403,"塩川町"
"849",7403,"塩川町"
"850",7403,"塩川町"
"851",7403,"塩川町"
"852",7403,"塩川町"
"853",7403,"塩川町"
"854",7403,"塩川町"
"855",7403,"塩川町"
"856",7404,"山都町"
"857",7404,"山都町"
"858",7404,"山都町"
"859",7404,"山都町"
"860",7404,"山都町"
"861",7404,"山都町"
"862",7404,"山都町"
"863",7404,"山都町"
"864",7404,"山都町"
"865",7404,"山都町"
"866",7404,"山都町"
"867",7404,"山都町"
"868",7404,"山都町"
"869",7404,"山都町"
"870",7404,"山都町"
"871",7404,"山都町"
"872",7404,"山都町"
"873",7404,"山都町"
"874",7404,"山都町"
"875",7405,"西会津町"
"876",7405,"西会津町"
"877",7405,"西会津町"
"878",7405,"西会津町"
"879",7405,"西会津町"
"880",7405,"西会津町"
"881",7405,"西会津町"
"882",7405,"西会津町"
"883",7405,"西会津町"
"884",7405,"西会津町"
"885",7405,"西会津町"
"886",7405,"西会津町"
"887",7405,"西会津町"
"888",7405,"西会津町"
"889",7405,"西会津町"
"890",7405,"西会津町"
"891",7405,"西会津町"
"892",7405,"西会津町"
"893",7405,"西会津町"
"894",7406,"高郷村"
"895",7406,"高郷村"
"896",7406,"高郷村"
"897",7406,"高郷村"
"898",7406,"高郷村"
"899",7406,"高郷村"
"900",7406,"高郷村"
"901",7406,"高郷村"
"902",7406,"高郷村"
"903",7406,"高郷村"
"904",7406,"高郷村"
"905",7406,"高郷村"
"906",7406,"高郷村"
"907",7406,"高郷村"
"908",7406,"高郷村"
"909",7406,"高郷村"
"910",7406,"高郷村"
"911",7406,"高郷村"
"912",7406,"高郷村"
"913",7407,"磐梯町"
"914",7407,"磐梯町"
"915",7407,"磐梯町"
"916",7407,"磐梯町"
"917",7407,"磐梯町"
"918",7407,"磐梯町"
"919",7407,"磐梯町"
"920",7407,"磐梯町"
"921",7407,"磐梯町"
"922",7407,"磐梯町"
"923",7407,"磐梯町"
"924",7407,"磐梯町"
"925",7407,"磐梯町"
"926",7407,"磐梯町"
"927",7407,"磐梯町"
"928",7407,"磐梯町"
"929",7407,"磐梯町"
"930",7407,"磐梯町"
"931",7407,"磐梯町"
"932",7408,"猪苗代町"
"933",7408,"猪苗代町"
"934",7408,"猪苗代町"
"935",7408,"猪苗代町"
"936",7408,"猪苗代町"
"937",7408,"猪苗代町"
"938",7408,"猪苗代町"
"939",7408,"猪苗代町"
"940",7408,"猪苗代町"
"941",7408,"猪苗代町"
"942",7408,"猪苗代町"
"943",7408,"猪苗代町"
"944",7408,"猪苗代町"
"945",7408,"猪苗代町"
"946",7408,"猪苗代町"
"947",7408,"猪苗代町"
"948",7408,"猪苗代町"
"949",7408,"猪苗代町"
"950",7408,"猪苗代町"
"951",7421,"会津坂下町"
"952",7421,"会津坂下町"
"953",7421,"会津坂下町"
"954",7421,"会津坂下町"
"955",7421,"会津坂下町"
"956",7421,"会津坂下町"
"957",7421,"会津坂下町"
"958",7421,"会津坂下町"
"959",7421,"会津坂下町"
"960",7421,"会津坂下町"
"961",7421,"会津坂下町"
"962",7421,"会津坂下町"
"963",7421,"会津坂下町"
"964",7421,"会津坂下町"
"965",7421,"会津坂下町"
"966",7421,"会津坂下町"
"967",7421,"会津坂下町"
"968",7421,"会津坂下町"
"969",7421,"会津坂下町"
"970",7422,"湯川村"
"971",7422,"湯川村"
"972",7422,"湯川村"
"973",7422,"湯川村"
"974",7422,"湯川村"
"975",7422,"湯川村"
"976",7422,"湯川村"
"977",7422,"湯川村"
"978",7422,"湯川村"
"979",7422,"湯川村"
"980",7422,"湯川村"
"981",7422,"湯川村"
"982",7422,"湯川村"
"983",7422,"湯川村"
"984",7422,"湯川村"
"985",7422,"湯川村"
"986",7422,"湯川村"
"987",7422,"湯川村"
"988",7422,"湯川村"
"989",7423,"柳津町"
"990",7423,"柳津町"
"991",7423,"柳津町"
"992",7423,"柳津町"
"993",7423,"柳津町"
"994",7423,"柳津町"
"995",7423,"柳津町"
"996",7423,"柳津町"
"997",7423,"柳津町"
"998",7423,"柳津町"
"999",7423,"柳津町"
"1000",7423,"柳津町"
"1001",7423,"柳津町"
"1002",7423,"柳津町"
"1003",7423,"柳津町"
"1004",7423,"柳津町"
"1005",7423,"柳津町"
"1006",7423,"柳津町"
"1007",7423,"柳津町"
"1008",7424,"河東町"
"1009",7424,"河東町"
"1010",7424,"河東町"
"1011",7424,"河東町"
"1012",7424,"河東町"
"1013",7424,"河東町"
"1014",7424,"河東町"
"1015",7424,"河東町"
"1016",7424,"河東町"
"1017",7424,"河東町"
"1018",7424,"河東町"
"1019",7424,"河東町"
"1020",7424,"河東町"
"1021",7424,"河東町"
"1022",7424,"河東町"
"1023",7424,"河東町"
"1024",7424,"河東町"
"1025",7424,"河東町"
"1026",7424,"河東町"
"1027",7441,"会津高田町"
"1028",7441,"会津高田町"
"1029",7441,"会津高田町"
"1030",7441,"会津高田町"
"1031",7441,"会津高田町"
"1032",7441,"会津高田町"
"1033",7441,"会津高田町"
"1034",7441,"会津高田町"
"1035",7441,"会津高田町"
"1036",7441,"会津高田町"
"1037",7441,"会津高田町"
"1038",7441,"会津高田町"
"1039",7441,"会津高田町"
"1040",7441,"会津高田町"
"1041",7441,"会津高田町"
"1042",7441,"会津高田町"
"1043",7441,"会津高田町"
"1044",7441,"会津高田町"
"1045",7441,"会津高田町"
"1046",7442,"会津本郷町"
"1047",7442,"会津本郷町"
"1048",7442,"会津本郷町"
"1049",7442,"会津本郷町"
"1050",7442,"会津本郷町"
"1051",7442,"会津本郷町"
"1052",7442,"会津本郷町"
"1053",7442,"会津本郷町"
"1054",7442,"会津本郷町"
"1055",7442,"会津本郷町"
"1056",7442,"会津本郷町"
"1057",7442,"会津本郷町"
"1058",7442,"会津本郷町"
"1059",7442,"会津本郷町"
"1060",7442,"会津本郷町"
"1061",7442,"会津本郷町"
"1062",7442,"会津本郷町"
"1063",7442,"会津本郷町"
"1064",7442,"会津本郷町"
"1065",7443,"新鶴村"
"1066",7443,"新鶴村"
"1067",7443,"新鶴村"
"1068",7443,"新鶴村"
"1069",7443,"新鶴村"
"1070",7443,"新鶴村"
"1071",7443,"新鶴村"
"1072",7443,"新鶴村"
"1073",7443,"新鶴村"
"1074",7443,"新鶴村"
"1075",7443,"新鶴村"
"1076",7443,"新鶴村"
"1077",7443,"新鶴村"
"1078",7443,"新鶴村"
"1079",7443,"新鶴村"
"1080",7443,"新鶴村"
"1081",7443,"新鶴村"
"1082",7443,"新鶴村"
"1083",7443,"新鶴村"
"1084",7444,"三島町"
"1085",7444,"三島町"
"1086",7444,"三島町"
"1087",7444,"三島町"
"1088",7444,"三島町"
"1089",7444,"三島町"
"1090",7444,"三島町"
"1091",7444,"三島町"
"1092",7444,"三島町"
"1093",7444,"三島町"
"1094",7444,"三島町"
"1095",7444,"三島町"
"1096",7444,"三島町"
"1097",7444,"三島町"
"1098",7444,"三島町"
"1099",7444,"三島町"
"1100",7444,"三島町"
"1101",7444,"三島町"
"1102",7444,"三島町"
"1103",7445,"金山町"
"1104",7445,"金山町"
"1105",7445,"金山町"
"1106",7445,"金山町"
"1107",7445,"金山町"
"1108",7445,"金山町"
"1109",7445,"金山町"
"1110",7445,"金山町"
"1111",7445,"金山町"
"1112",7445,"金山町"
"1113",7445,"金山町"
"1114",7445,"金山町"
"1115",7445,"金山町"
"1116",7445,"金山町"
"1117",7445,"金山町"
"1118",7445,"金山町"
"1119",7445,"金山町"
"1120",7445,"金山町"
"1121",7445,"金山町"
"1122",7446,"昭和村"
"1123",7446,"昭和村"
"1124",7446,"昭和村"
"1125",7446,"昭和村"
"1126",7446,"昭和村"
"1127",7446,"昭和村"
"1128",7446,"昭和村"
"1129",7446,"昭和村"
"1130",7446,"昭和村"
"1131",7446,"昭和村"
"1132",7446,"昭和村"
"1133",7446,"昭和村"
"1134",7446,"昭和村"
"1135",7446,"昭和村"
"1136",7446,"昭和村"
"1137",7446,"昭和村"
"1138",7446,"昭和村"
"1139",7446,"昭和村"
"1140",7446,"昭和村"
"1141",7447,"会津美里町"
"1142",7447,"会津美里町"
"1143",7447,"会津美里町"
"1144",7447,"会津美里町"
"1145",7447,"会津美里町"
"1146",7447,"会津美里町"
"1147",7447,"会津美里町"
"1148",7447,"会津美里町"
"1149",7447,"会津美里町"
"1150",7447,"会津美里町"
"1151",7447,"会津美里町"
"1152",7447,"会津美里町"
"1153",7447,"会津美里町"
"1154",7447,"会津美里町"
"1155",7447,"会津美里町"
"1156",7447,"会津美里町"
"1157",7447,"会津美里町"
"1158",7447,"会津美里町"
"1159",7447,"会津美里町"
"1160",7461,"西郷村"
"1161",7461,"西郷村"
"1162",7461,"西郷村"
"1163",7461,"西郷村"
"1164",7461,"西郷村"
"1165",7461,"西郷村"
"1166",7461,"西郷村"
"1167",7461,"西郷村"
"1168",7461,"西郷村"
"1169",7461,"西郷村"
"1170",7461,"西郷村"
"1171",7461,"西郷村"
"1172",7461,"西郷村"
"1173",7461,"西郷村"
"1174",7461,"西郷村"
"1175",7461,"西郷村"
"1176",7461,"西郷村"
"1177",7461,"西郷村"
"1178",7461,"西郷村"
"1179",7462,"表郷村"
"1180",7462,"表郷村"
"1181",7462,"表郷村"
"1182",7462,"表郷村"
"1183",7462,"表郷村"
"1184",7462,"表郷村"
"1185",7462,"表郷村"
"1186",7462,"表郷村"
"1187",7462,"表郷村"
"1188",7462,"表郷村"
"1189",7462,"表郷村"
"1190",7462,"表郷村"
"1191",7462,"表郷村"
"1192",7462,"表郷村"
"1193",7462,"表郷村"
"1194",7462,"表郷村"
"1195",7462,"表郷村"
"1196",7462,"表郷村"
"1197",7462,"表郷村"
"1198",7463,"東村"
"1199",7463,"東村"
"1200",7463,"東村"
"1201",7463,"東村"
"1202",7463,"東村"
"1203",7463,"東村"
"1204",7463,"東村"
"1205",7463,"東村"
"1206",7463,"東村"
"1207",7463,"東村"
"1208",7463,"東村"
"1209",7463,"東村"
"1210",7463,"東村"
"1211",7463,"東村"
"1212",7463,"東村"
"1213",7463,"東村"
"1214",7463,"東村"
"1215",7463,"東村"
"1216",7463,"東村"
"1217",7464,"泉崎村"
"1218",7464,"泉崎村"
"1219",7464,"泉崎村"
"1220",7464,"泉崎村"
"1221",7464,"泉崎村"
"1222",7464,"泉崎村"
"1223",7464,"泉崎村"
"1224",7464,"泉崎村"
"1225",7464,"泉崎村"
"1226",7464,"泉崎村"
"1227",7464,"泉崎村"
"1228",7464,"泉崎村"
"1229",7464,"泉崎村"
"1230",7464,"泉崎村"
"1231",7464,"泉崎村"
"1232",7464,"泉崎村"
"1233",7464,"泉崎村"
"1234",7464,"泉崎村"
"1235",7464,"泉崎村"
"1236",7465,"中島村"
"1237",7465,"中島村"
"1238",7465,"中島村"
"1239",7465,"中島村"
"1240",7465,"中島村"
"1241",7465,"中島村"
"1242",7465,"中島村"
"1243",7465,"中島村"
"1244",7465,"中島村"
"1245",7465,"中島村"
"1246",7465,"中島村"
"1247",7465,"中島村"
"1248",7465,"中島村"
"1249",7465,"中島村"
"1250",7465,"中島村"
"1251",7465,"中島村"
"1252",7465,"中島村"
"1253",7465,"中島村"
"1254",7465,"中島村"
"1255",7466,"矢吹町"
"1256",7466,"矢吹町"
"1257",7466,"矢吹町"
"1258",7466,"矢吹町"
"1259",7466,"矢吹町"
"1260",7466,"矢吹町"
"1261",7466,"矢吹町"
"1262",7466,"矢吹町"
"1263",7466,"矢吹町"
"1264",7466,"矢吹町"
"1265",7466,"矢吹町"
"1266",7466,"矢吹町"
"1267",7466,"矢吹町"
"1268",7466,"矢吹町"
"1269",7466,"矢吹町"
"1270",7466,"矢吹町"
"1271",7466,"矢吹町"
"1272",7466,"矢吹町"
"1273",7466,"矢吹町"
"1274",7467,"大信村"
"1275",7467,"大信村"
"1276",7467,"大信村"
"1277",7467,"大信村"
"1278",7467,"大信村"
"1279",7467,"大信村"
"1280",7467,"大信村"
"1281",7467,"大信村"
"1282",7467,"大信村"
"1283",7467,"大信村"
"1284",7467,"大信村"
"1285",7467,"大信村"
"1286",7467,"大信村"
"1287",7467,"大信村"
"1288",7467,"大信村"
"1289",7467,"大信村"
"1290",7467,"大信村"
"1291",7467,"大信村"
"1292",7467,"大信村"
"1293",7481,"棚倉町"
"1294",7481,"棚倉町"
"1295",7481,"棚倉町"
"1296",7481,"棚倉町"
"1297",7481,"棚倉町"
"1298",7481,"棚倉町"
"1299",7481,"棚倉町"
"1300",7481,"棚倉町"
"1301",7481,"棚倉町"
"1302",7481,"棚倉町"
"1303",7481,"棚倉町"
"1304",7481,"棚倉町"
"1305",7481,"棚倉町"
"1306",7481,"棚倉町"
"1307",7481,"棚倉町"
"1308",7481,"棚倉町"
"1309",7481,"棚倉町"
"1310",7481,"棚倉町"
"1311",7481,"棚倉町"
"1312",7482,"矢祭町"
"1313",7482,"矢祭町"
"1314",7482,"矢祭町"
"1315",7482,"矢祭町"
"1316",7482,"矢祭町"
"1317",7482,"矢祭町"
"1318",7482,"矢祭町"
"1319",7482,"矢祭町"
"1320",7482,"矢祭町"
"1321",7482,"矢祭町"
"1322",7482,"矢祭町"
"1323",7482,"矢祭町"
"1324",7482,"矢祭町"
"1325",7482,"矢祭町"
"1326",7482,"矢祭町"
"1327",7482,"矢祭町"
"1328",7482,"矢祭町"
"1329",7482,"矢祭町"
"1330",7482,"矢祭町"
"1331",7483,"塙町"
"1332",7483,"塙町"
"1333",7483,"塙町"
"1334",7483,"塙町"
"1335",7483,"塙町"
"1336",7483,"塙町"
"1337",7483,"塙町"
"1338",7483,"塙町"
"1339",7483,"塙町"
"1340",7483,"塙町"
"1341",7483,"塙町"
"1342",7483,"塙町"
"1343",7483,"塙町"
"1344",7483,"塙町"
"1345",7483,"塙町"
"1346",7483,"塙町"
"1347",7483,"塙町"
"1348",7483,"塙町"
"1349",7483,"塙町"
"1350",7484,"鮫川村"
"1351",7484,"鮫川村"
"1352",7484,"鮫川村"
"1353",7484,"鮫川村"
"1354",7484,"鮫川村"
"1355",7484,"鮫川村"
"1356",7484,"鮫川村"
"1357",7484,"鮫川村"
"1358",7484,"鮫川村"
"1359",7484,"鮫川村"
"1360",7484,"鮫川村"
"1361",7484,"鮫川村"
"1362",7484,"鮫川村"
"1363",7484,"鮫川村"
"1364",7484,"鮫川村"
"1365",7484,"鮫川村"
"1366",7484,"鮫川村"
"1367",7484,"鮫川村"
"1368",7484,"鮫川村"
"1369",7501,"石川町"
"1370",7501,"石川町"
"1371",7501,"石川町"
"1372",7501,"石川町"
"1373",7501,"石川町"
"1374",7501,"石川町"
"1375",7501,"石川町"
"1376",7501,"石川町"
"1377",7501,"石川町"
"1378",7501,"石川町"
"1379",7501,"石川町"
"1380",7501,"石川町"
"1381",7501,"石川町"
"1382",7501,"石川町"
"1383",7501,"石川町"
"1384",7501,"石川町"
"1385",7501,"石川町"
"1386",7501,"石川町"
"1387",7501,"石川町"
"1388",7502,"玉川村"
"1389",7502,"玉川村"
"1390",7502,"玉川村"
"1391",7502,"玉川村"
"1392",7502,"玉川村"
"1393",7502,"玉川村"
"1394",7502,"玉川村"
"1395",7502,"玉川村"
"1396",7502,"玉川村"
"1397",7502,"玉川村"
"1398",7502,"玉川村"
"1399",7502,"玉川村"
"1400",7502,"玉川村"
"1401",7502,"玉川村"
"1402",7502,"玉川村"
"1403",7502,"玉川村"
"1404",7502,"玉川村"
"1405",7502,"玉川村"
"1406",7502,"玉川村"
"1407",7503,"平田村"
"1408",7503,"平田村"
"1409",7503,"平田村"
"1410",7503,"平田村"
"1411",7503,"平田村"
"1412",7503,"平田村"
"1413",7503,"平田村"
"1414",7503,"平田村"
"1415",7503,"平田村"
"1416",7503,"平田村"
"1417",7503,"平田村"
"1418",7503,"平田村"
"1419",7503,"平田村"
"1420",7503,"平田村"
"1421",7503,"平田村"
"1422",7503,"平田村"
"1423",7503,"平田村"
"1424",7503,"平田村"
"1425",7503,"平田村"
"1426",7504,"浅川町"
"1427",7504,"浅川町"
"1428",7504,"浅川町"
"1429",7504,"浅川町"
"1430",7504,"浅川町"
"1431",7504,"浅川町"
"1432",7504,"浅川町"
"1433",7504,"浅川町"
"1434",7504,"浅川町"
"1435",7504,"浅川町"
"1436",7504,"浅川町"
"1437",7504,"浅川町"
"1438",7504,"浅川町"
"1439",7504,"浅川町"
"1440",7504,"浅川町"
"1441",7504,"浅川町"
"1442",7504,"浅川町"
"1443",7504,"浅川町"
"1444",7504,"浅川町"
"1445",7505,"古殿町"
"1446",7505,"古殿町"
"1447",7505,"古殿町"
"1448",7505,"古殿町"
"1449",7505,"古殿町"
"1450",7505,"古殿町"
"1451",7505,"古殿町"
"1452",7505,"古殿町"
"1453",7505,"古殿町"
"1454",7505,"古殿町"
"1455",7505,"古殿町"
"1456",7505,"古殿町"
"1457",7505,"古殿町"
"1458",7505,"古殿町"
"1459",7505,"古殿町"
"1460",7505,"古殿町"
"1461",7505,"古殿町"
"1462",7505,"古殿町"
"1463",7505,"古殿町"
"1464",7521,"三春町"
"1465",7521,"三春町"
"1466",7521,"三春町"
"1467",7521,"三春町"
"1468",7521,"三春町"
"1469",7521,"三春町"
"1470",7521,"三春町"
"1471",7521,"三春町"
"1472",7521,"三春町"
"1473",7521,"三春町"
"1474",7521,"三春町"
"1475",7521,"三春町"
"1476",7521,"三春町"
"1477",7521,"三春町"
"1478",7521,"三春町"
"1479",7521,"三春町"
"1480",7521,"三春町"
"1481",7521,"三春町"
"1482",7521,"三春町"
"1483",7522,"小野町"
"1484",7522,"小野町"
"1485",7522,"小野町"
"1486",7522,"小野町"
"1487",7522,"小野町"
"1488",7522,"小野町"
"1489",7522,"小野町"
"1490",7522,"小野町"
"1491",7522,"小野町"
"1492",7522,"小野町"
"1493",7522,"小野町"
"1494",7522,"小野町"
"1495",7522,"小野町"
"1496",7522,"小野町"
"1497",7522,"小野町"
"1498",7522,"小野町"
"1499",7522,"小野町"
"1500",7522,"小野町"
"1501",7522,"小野町"
"1502",7523,"滝根町"
"1503",7523,"滝根町"
"1504",7523,"滝根町"
"1505",7523,"滝根町"
"1506",7523,"滝根町"
"1507",7523,"滝根町"
"1508",7523,"滝根町"
"1509",7523,"滝根町"
"1510",7523,"滝根町"
"1511",7523,"滝根町"
"1512",7523,"滝根町"
"1513",7523,"滝根町"
"1514",7523,"滝根町"
"1515",7523,"滝根町"
"1516",7523,"滝根町"
"1517",7523,"滝根町"
"1518",7523,"滝根町"
"1519",7523,"滝根町"
"1520",7523,"滝根町"
"1521",7524,"大越町"
"1522",7524,"大越町"
"1523",7524,"大越町"
"1524",7524,"大越町"
"1525",7524,"大越町"
"1526",7524,"大越町"
"1527",7524,"大越町"
"1528",7524,"大越町"
"1529",7524,"大越町"
"1530",7524,"大越町"
"1531",7524,"大越町"
"1532",7524,"大越町"
"1533",7524,"大越町"
"1534",7524,"大越町"
"1535",7524,"大越町"
"1536",7524,"大越町"
"1537",7524,"大越町"
"1538",7524,"大越町"
"1539",7524,"大越町"
"1540",7525,"都路村"
"1541",7525,"都路村"
"1542",7525,"都路村"
"1543",7525,"都路村"
"1544",7525,"都路村"
"1545",7525,"都路村"
"1546",7525,"都路村"
"1547",7525,"都路村"
"1548",7525,"都路村"
"1549",7525,"都路村"
"1550",7525,"都路村"
"1551",7525,"都路村"
"1552",7525,"都路村"
"1553",7525,"都路村"
"1554",7525,"都路村"
"1555",7525,"都路村"
"1556",7525,"都路村"
"1557",7525,"都路村"
"1558",7525,"都路村"
"1559",7526,"常葉町"
"1560",7526,"常葉町"
"1561",7526,"常葉町"
"1562",7526,"常葉町"
"1563",7526,"常葉町"
"1564",7526,"常葉町"
"1565",7526,"常葉町"
"1566",7526,"常葉町"
"1567",7526,"常葉町"
"1568",7526,"常葉町"
"1569",7526,"常葉町"
"1570",7526,"常葉町"
"1571",7526,"常葉町"
"1572",7526,"常葉町"
"1573",7526,"常葉町"
"1574",7526,"常葉町"
"1575",7526,"常葉町"
"1576",7526,"常葉町"
"1577",7526,"常葉町"
"1578",7527,"船引町"
"1579",7527,"船引町"
"1580",7527,"船引町"
"1581",7527,"船引町"
"1582",7527,"船引町"
"1583",7527,"船引町"
"1584",7527,"船引町"
"1585",7527,"船引町"
"1586",7527,"船引町"
"1587",7527,"船引町"
"1588",7527,"船引町"
"1589",7527,"船引町"
"1590",7527,"船引町"
"1591",7527,"船引町"
"1592",7527,"船引町"
"1593",7527,"船引町"
"1594",7527,"船引町"
"1595",7527,"船引町"
"1596",7527,"船引町"
"1597",7541,"広野町"
"1598",7541,"広野町"
"1599",7541,"広野町"
"1600",7541,"広野町"
"1601",7541,"広野町"
"1602",7541,"広野町"
"1603",7541,"広野町"
"1604",7541,"広野町"
"1605",7541,"広野町"
"1606",7541,"広野町"
"1607",7541,"広野町"
"1608",7541,"広野町"
"1609",7541,"広野町"
"1610",7541,"広野町"
"1611",7541,"広野町"
"1612",7541,"広野町"
"1613",7541,"広野町"
"1614",7541,"広野町"
"1615",7541,"広野町"
"1616",7542,"楢葉町"
"1617",7542,"楢葉町"
"1618",7542,"楢葉町"
"1619",7542,"楢葉町"
"1620",7542,"楢葉町"
"1621",7542,"楢葉町"
"1622",7542,"楢葉町"
"1623",7542,"楢葉町"
"1624",7542,"楢葉町"
"1625",7542,"楢葉町"
"1626",7542,"楢葉町"
"1627",7542,"楢葉町"
"1628",7542,"楢葉町"
"1629",7542,"楢葉町"
"1630",7542,"楢葉町"
"1631",7542,"楢葉町"
"1632",7542,"楢葉町"
"1633",7542,"楢葉町"
"1634",7542,"楢葉町"
"1635",7543,"富岡町"
"1636",7543,"富岡町"
"1637",7543,"富岡町"
"1638",7543,"富岡町"
"1639",7543,"富岡町"
"1640",7543,"富岡町"
"1641",7543,"富岡町"
"1642",7543,"富岡町"
"1643",7543,"富岡町"
"1644",7543,"富岡町"
"1645",7543,"富岡町"
"1646",7543,"富岡町"
"1647",7543,"富岡町"
"1648",7543,"富岡町"
"1649",7543,"富岡町"
"1650",7543,"富岡町"
"1651",7543,"富岡町"
"1652",7543,"富岡町"
"1653",7543,"富岡町"
"1654",7544,"川内村"
"1655",7544,"川内村"
"1656",7544,"川内村"
"1657",7544,"川内村"
"1658",7544,"川内村"
"1659",7544,"川内村"
"1660",7544,"川内村"
"1661",7544,"川内村"
"1662",7544,"川内村"
"1663",7544,"川内村"
"1664",7544,"川内村"
"1665",7544,"川内村"
"1666",7544,"川内村"
"1667",7544,"川内村"
"1668",7544,"川内村"
"1669",7544,"川内村"
"1670",7544,"川内村"
"1671",7544,"川内村"
"1672",7544,"川内村"
"1673",7545,"大熊町"
"1674",7545,"大熊町"
"1675",7545,"大熊町"
"1676",7545,"大熊町"
"1677",7545,"大熊町"
"1678",7545,"大熊町"
"1679",7545,"大熊町"
"1680",7545,"大熊町"
"1681",7545,"大熊町"
"1682",7545,"大熊町"
"1683",7545,"大熊町"
"1684",7545,"大熊町"
"1685",7545,"大熊町"
"1686",7545,"大熊町"
"1687",7545,"大熊町"
"1688",7545,"大熊町"
"1689",7545,"大熊町"
"1690",7545,"大熊町"
"1691",7545,"大熊町"
"1692",7546,"双葉町"
"1693",7546,"双葉町"
"1694",7546,"双葉町"
"1695",7546,"双葉町"
"1696",7546,"双葉町"
"1697",7546,"双葉町"
"1698",7546,"双葉町"
"1699",7546,"双葉町"
"1700",7546,"双葉町"
"1701",7546,"双葉町"
"1702",7546,"双葉町"
"1703",7546,"双葉町"
"1704",7546,"双葉町"
"1705",7546,"双葉町"
"1706",7546,"双葉町"
"1707",7546,"双葉町"
"1708",7546,"双葉町"
"1709",7546,"双葉町"
"1710",7546,"双葉町"
"1711",7547,"浪江町"
"1712",7547,"浪江町"
"1713",7547,"浪江町"
"1714",7547,"浪江町"
"1715",7547,"浪江町"
"1716",7547,"浪江町"
"1717",7547,"浪江町"
"1718",7547,"浪江町"
"1719",7547,"浪江町"
"1720",7547,"浪江町"
"1721",7547,"浪江町"
"1722",7547,"浪江町"
"1723",7547,"浪江町"
"1724",7547,"浪江町"
"1725",7547,"浪江町"
"1726",7547,"浪江町"
"1727",7547,"浪江町"
"1728",7547,"浪江町"
"1729",7547,"浪江町"
"1730",7548,"葛尾村"
"1731",7548,"葛尾村"
"1732",7548,"葛尾村"
"1733",7548,"葛尾村"
"1734",7548,"葛尾村"
"1735",7548,"葛尾村"
"1736",7548,"葛尾村"
"1737",7548,"葛尾村"
"1738",7548,"葛尾村"
"1739",7548,"葛尾村"
"1740",7548,"葛尾村"
"1741",7548,"葛尾村"
"1742",7548,"葛尾村"
"1743",7548,"葛尾村"
"1744",7548,"葛尾村"
"1745",7548,"葛尾村"
"1746",7548,"葛尾村"
"1747",7548,"葛尾村"
"1748",7548,"葛尾村"
"1749",7561,"新地町"
"1750",7561,"新地町"
"1751",7561,"新地町"
"1752",7561,"新地町"
"1753",7561,"新地町"
"1754",7561,"新地町"
"1755",7561,"新地町"
"1756",7561,"新地町"
"1757",7561,"新地町"
"1758",7561,"新地町"
"1759",7561,"新地町"
"1760",7561,"新地町"
"1761",7561,"新地町"
"1762",7561,"新地町"
"1763",7561,"新地町"
"1764",7561,"新地町"
"1765",7561,"新地町"
"1766",7561,"新地町"
"1767",7561,"新地町"
"1768",7562,"鹿島町"
"1769",7562,"鹿島町"
"1770",7562,"鹿島町"
"1771",7562,"鹿島町"
"1772",7562,"鹿島町"
"1773",7562,"鹿島町"
"1774",7562,"鹿島町"
"1775",7562,"鹿島町"
"1776",7562,"鹿島町"
"1777",7562,"鹿島町"
"1778",7562,"鹿島町"
"1779",7562,"鹿島町"
"1780",7562,"鹿島町"
"1781",7562,"鹿島町"
"1782",7562,"鹿島町"
"1783",7562,"鹿島町"
"1784",7562,"鹿島町"
"1785",7562,"鹿島町"
"1786",7562,"鹿島町"
"1787",7563,"小高町"
"1788",7563,"小高町"
"1789",7563,"小高町"
"1790",7563,"小高町"
"1791",7563,"小高町"
"1792",7563,"小高町"
"1793",7563,"小高町"
"1794",7563,"小高町"
"1795",7563,"小高町"
"1796",7563,"小高町"
"1797",7563,"小高町"
"1798",7563,"小高町"
"1799",7563,"小高町"
"1800",7563,"小高町"
"1801",7563,"小高町"
"1802",7563,"小高町"
"1803",7563,"小高町"
"1804",7563,"小高町"
"1805",7563,"小高町"
"1806",7564,"飯館村"
"1807",7564,"飯館村"
"1808",7564,"飯館村"
"1809",7564,"飯館村"
"1810",7564,"飯館村"
"1811",7564,"飯館村"
"1812",7564,"飯館村"
"1813",7564,"飯館村"
"1814",7564,"飯館村"
"1815",7564,"飯館村"
"1816",7564,"飯館村"
"1817",7564,"飯館村"
"1818",7564,"飯館村"
"1819",7564,"飯館村"
"1820",7564,"飯館村"
"1821",7564,"飯館村"
"1822",7564,"飯館村"
"1823",7564,"飯館村"
"1824",7564,"飯館村"
"1825",7564,"飯舘村"
"1826",7564,"飯舘村"
"1827",7564,"飯舘村"
"1828",7564,"飯舘村"
"1829",7564,"飯舘村"
"1830",7564,"飯舘村"
"1831",7564,"飯舘村"
"1832",7564,"飯舘村"
"1833",7564,"飯舘村"
"1834",7564,"飯舘村"
"1835",7564,"飯舘村"
"1836",7564,"飯舘村"
"1837",7564,"飯舘村"
"1838",7564,"飯舘村"
"1839",7564,"飯舘村"
"1840",7564,"飯舘村"
"1841",7564,"飯舘村"
"1842",7564,"飯舘村"
"1843",7564,"飯舘村"
